Comune;Provincia;ATO;Abitanti;Kg di rifiuti differenziati (RDi);Kg di compostaggio domestico;Kg di rifiuti non differenziati (RUind);Totale Kg di rifiuti prodotti (RDi+comp+RUind);Produzione R.U. pro capite annua in Kg;%RD;Tasso di riciclaggio
Acerno;SA;Salerno;2613;746.260; -   ;325.160;1.071.420;410;69,65%;57,10%
Acerra;NA;NA 1;59525;17.352.351; -   ;8.670.240;26.022.591;437;66,68%;48,60%
Afragola;NA;NA 1;64354;8.529.219; -   ;18.686.880;27.216.099;423;31,34%;25,00%
Agerola;NA;NA 3;7743;2.207.586;102.656;918.080;3.228.322;417;71,56%;54,60%
Agropoli;SA;Salerno;21983;6.785.784; -   ;3.866.420;10.652.204;485;63,70%;51,30%
Aiello del Sabato;AV;Avellino;4034;802.296; -   ;413.380;1.215.676;301;66,00%;55,00%
Ailano;CE;Caserta;1333;264.095;2.738;104.880;371.713;279;71,78%;55,20%
Airola;BN;Benevento;8204;2.355.410; -   ;698.780;3.054.190;372;77,12%;58,30%
Albanella;SA;Salerno;6411;1.197.548; -   ;358.768;1.556.316;243;76,95%;58,20%
Alfano;SA;Salerno;989;154.379;79.120;52.130;285.629;289;81,75%;67,50%
Alife;CE;Caserta;7555;1.480.288; -   ;1.159.022;2.639.310;349;56,09%;44,30%
Altavilla Irpina;AV;Avellino;4123;1.047.088; -   ;554.620;1.601.708;388;65,37%;44,00%
Altavilla Silentina;SA;Salerno;7061;1.467.396; -   ;519.140;1.986.536;281;73,87%;59,50%
Alvignano;CE;Caserta;4714;938.340; -   ;513.280;1.451.620;308;64,64%;51,40%
Amalfi;SA;Salerno;5004;2.705.560; -   ;1.263.440;3.969.000;793;68,17%;47,60%
Amorosi;BN;Benevento;2702;633.517;71.996;293.040;998.553;370;70,65%;59,20%
Anacapri;NA;NA 3;7042;2.972.290;125.925;1.123.620;4.221.835;600;73,39%;61,70%
Andretta;AV;Avellino;1765;276.451; -   ;163.240;439.691;249;62,87%;47,00%
Angri;SA;Salerno;34340;7.581.925; -   ;7.850.120;15.432.045;449;49,13%;33,20%
Apice;BN;Benevento;5537;1.396.632; -   ;386.180;1.782.812;322;78,34%;52,20%
Apollosa;BN;Benevento;2588;474.311;123.188;150.500;747.999;289;79,88%;53,00%
Aquara;SA;Salerno;1423;312.643; -   ;101.590;414.233;291;75,48%;56,80%
Aquilonia;AV;Avellino;1580;304.961; -   ;154.940;459.901;291;66,31%;58,70%
Ariano Irpino;AV;Avellino;21995;3.916.609;10.950;4.079.820;8.007.379;364;49,05%;42,10%
Arienzo;CE;Caserta;5381;1.537.300; -   ;306.860;1.844.160;343;83,36%;67,70%
Arpaia;BN;Benevento;2000;605.825; -   ;290.620;896.445;448;67,58%;52,00%
Arpaise;BN;Benevento;738;126.040; -   ;35.700;161.740;219;77,93%;60,10%
Arzano;NA;NA 2;33801;5.053.962; -   ;8.115.089;13.169.051;390;38,38%;30,70%
Ascea;SA;Salerno;5949;2.734.363; -   ;869.800;3.604.163;606;75,87%;50,80%
Atena Lucana;SA;Salerno;2417;816.589; -   ;475.080;1.291.669;534;63,22%;55,50%
Atrani;SA;Salerno;837;274.060; -   ;57.600;331.660;396;82,63%;66,80%
Atripalda;AV;Avellino;10789;2.842.815;32.850;1.778.820;4.654.485;431;61,78%;50,60%
Auletta;SA;Salerno;2217;378.568;58.309;158.820;595.697;269;73,34%;58,70%
Avella;AV;Avellino;7688;1.967.779;41.063;878.020;2.886.862;376;69,59%;55,40%
Avellino;AV;Avellino;53640;16.047.062; -   ;6.457.160;22.504.222;420;71,31%;56,10%
Aversa;CE;Caserta;51925;12.010.590;12.319;16.167.520;28.190.429;543;42,65%;33,20%
Bacoli;NA;NA 2;26112;11.723.015;108.131;2.789.900;14.621.046;560;80,92%;58,20%
Bagnoli Irpino;AV;Avellino;3111;831.827;13.688;375.480;1.220.995;392;69,25%;55,50%
Baia e Latina;CE;Caserta;2089;384.155; -   ;305.860;690.015;330;55,67%;46,10%
Baiano;AV;Avellino;4616;1.444.830; -   ;364.000;1.808.830;392;79,88%;57,90%
Barano d'Ischia;NA;NA 2;10062;2.189.225; -   ;2.159.220;4.348.445;432;50,35%;41,20%
Baronissi;SA;Salerno;17234;5.742.256;99.919;1.192.360;7.034.535;408;83,05%;62,60%
Baselice;BN;Benevento;2223;498.852; -   ;74.580;573.432;258;86,99%;64,40%
Battipaglia;SA;Salerno;50780;12.859.572; -   ;7.815.760;20.675.332;407;62,20%;53,00%
Bellizzi;SA;Salerno;13622;5.088.285; -   ;1.259.170;6.347.455;466;80,16%;60,60%
Bellona;CE;Caserta;6106;1.440.719; -   ;1.375.860;2.816.579;461;51,15%;42,40%
Bellosguardo;SA;Salerno;746;203.360; -   ;56.340;259.700;348;78,31%;60,80%
Benevento;BN;Benevento;58794;15.712.700;315.360;9.777.960;25.806.020;439;62,11%;52,90%
Bisaccia;AV;Avellino;3719;883.651; -   ;247.240;1.130.891;304;78,14%;67,10%
Bonea;BN;Benevento;1381;349.000; -   ;76.700;425.700;308;81,98%;49,60%
Bonito;AV;Avellino;2320;389.622; -   ;256.270;645.892;278;60,32%;47,20%
Boscoreale;NA;NA 3;27228;5.456.931; -   ;5.636.690;11.093.621;407;49,19%;37,70%
Boscotrecase;NA;NA 3;10129;2.764.094; -   ;1.774.750;4.538.844;448;60,90%;46,60%
Bracigliano;SA;Salerno;5481;1.325.337;18.068;377.400;1.720.805;314;78,07%;61,80%
Brusciano;NA;NA 3;16192;3.755.900; -   ;3.029.640;6.785.540;419;55,35%;41,20%
Bucciano;BN;Benevento;2088;808.800;7.939;125.400;942.139;451;86,69%;47,20%
Buccino;SA;Salerno;4778;1.174.020; -   ;612.240;1.786.260;374;65,73%;52,90%
Buonabitacolo;SA;Salerno;2509;439.543; -   ;174.937;614.480;245;71,53%;59,80%
Buonalbergo;BN;Benevento;1633;338.763; -   ;116.740;455.503;279;74,37%;60,40%
Caggiano;SA;Salerno;2651;325.918;212.080;217.980;755.978;285;71,17%;59,70%
Caianello;CE;Caserta;1833;522.627;57.488;369.100;949.215;518;61,12%;52,00%
Caiazzo;CE;Caserta;5350;1.116.894; -   ;507.580;1.624.474;304;68,75%;55,00%
Cairano;AV;Avellino;297;61.295; -   ;26.600;87.895;296;69,74%;58,50%
Caivano;NA;NA 1;37454;4.715.705; -   ;14.209.190;18.924.895;505;24,92%;17,40%
Calabritto;AV;Salerno;2314;360.914; -   ;181.760;542.674;235;66,51%;56,10%
Calitri;AV;Avellino;4453;907.150; -   ;443.900;1.351.050;303;67,14%;53,50%
Calvanico;SA;Salerno;1456;393.940; -   ;168.860;562.800;387;70,00%;56,00%
Calvi;BN;Benevento;2596;267.178; -   ;295.500;562.678;217;47,48%;39,90%
Calvi Risorta;CE;Caserta;5611;1.380.330; -   ;1.309.600;2.689.930;479;51,31%;41,70%
Calvizzano;NA;NA 2;12236;2.304.842; -   ;2.844.800;5.149.642;421;44,76%;31,80%
Camerota;SA;Salerno;7204;3.260.304; -   ;1.167.590;4.427.894;615;73,63%;62,20%
Camigliano;CE;Caserta;1989;462.390; -   ;261.080;723.470;364;63,91%;49,60%
Campagna;SA;Salerno;17109;3.046.938; -   ;2.048.600;5.095.538;298;59,80%;42,80%
Campolattaro;BN;Benevento;999;123.245;41.063;121.500;285.808;286;57,49%;44,00%
Campoli del Monte Taburno;BN;Benevento;1603;297.834; -   ;135.480;433.314;270;68,73%;38,40%
Campora;SA;Salerno;368;28.800; -   ;32.480;61.280;167;47,00%;44,60%
Camposano;NA;NA 3;5226;1.378.187; -   ;953.050;2.331.237;446;59,12%;47,00%
Cancello ed Arnone;CE;Caserta;5694;2.158.483; -   ;633.140;2.791.623;490;77,32%;63,40%
Candida;AV;Avellino;1105;187.554; -   ;143.240;330.794;299;56,70%;48,10%
Cannalonga;SA;Salerno;1009;176.050; -   ;89.440;265.490;263;66,31%;55,50%
Capaccio;SA;Salerno;22990;8.814.900;188.888;4.367.060;13.370.848;582;67,34%;55,60%
Capodrise;CE;Caserta;10232;2.895.699;2.738;1.296.340;4.194.777;410;69,10%;53,70%
Caposele;AV;Salerno;3370;429.901; -   ;438.700;868.601;258;49,49%;41,20%
Capri;NA;NA 3;7132;4.208.215;38.873;3.616.000;7.863.088;1.103;54,01%;47,50%
Capriati a Volturno;CE;Caserta;1539;132.745; -   ;271.420;404.165;263;32,84%;26,90%
Capriglia Irpina;AV;Avellino;2340;491.945; -   ;178.760;670.705;287;73,35%;55,70%
Capua;CE;Caserta;18141;3.506.880; -   ;5.465.920;8.972.800;495;39,08%;29,10%
Carbonara di Nola;NA;NA 3;2498;539.878; -   ;466.660;1.006.538;403;53,64%;38,00%
Cardito;NA;NA 1;22322;4.777.067; -   ;6.132.400;10.909.467;489;43,79%;35,90%
Carife;AV;Avellino;1357;249.431; -   ;187.760;437.191;322;57,05%;44,30%
Carinaro;CE;Caserta;7083;1.900.700; -   ;1.665.560;3.566.260;503;53,30%;41,20%
Carinola;CE;Caserta;7561;1.282.532;104.299;1.732.200;3.119.030;413;44,46%;36,30%
Casagiove;CE;Caserta;13502;3.870.067; -   ;2.381.420;6.251.487;463;61,91%;48,20%
Casal di Principe;CE;Caserta;21613;4.593.830;38.325;5.385.458;10.017.613;463;46,24%;35,20%
Casal Velino;SA;Salerno;5468;2.707.690;110.048;847.300;3.665.038;670;76,88%;60,80%
Casalbore;AV;Avellino;1693;273.498; -   ;211.520;485.018;286;56,39%;38,80%
Casalbuono;SA;Salerno;1143;141.540;5.475;34.460;181.475;159;81,01%;69,40%
Casalduni;BN;Benevento;1289;180.842;84.863;73.010;338.715;263;78,44%;40,30%
Casaletto Spartano;SA;Salerno;1346;186.270; -   ;172.190;358.460;266;51,96%;38,20%
Casalnuovo di Napoli;NA;NA 1;48697;12.104.273; -   ;11.304.989;23.409.262;481;51,71%;34,30%
Casaluce;CE;Caserta;9756;1.301.602; -   ;3.417.580;4.719.182;484;27,58%;22,60%
Casamarciano;NA;NA 3;3213;778.922; -   ;297.000;1.075.922;335;72,40%;60,90%
Casamicciola Terme;NA;NA 2;8053;1.586.894; -   ;2.599.460;4.186.354;520;37,91%;30,40%
Casandrino;NA;NA 2;13923;2.624.471; -   ;3.324.406;5.948.877;427;44,12%;33,70%
Casapesenna;CE;Caserta;6968;1.336.648; -   ;1.822.700;3.159.348;453;42,31%;33,70%
Casapulla;CE;Caserta;8537;2.146.255; -   ;1.181.660;3.327.915;390;64,49%;52,60%
Casavatore;NA;NA 2;18632;3.375.178; -   ;4.272.640;7.647.818;410;44,13%;33,10%
Caselle in Pittari;SA;Salerno;1894;322.711; -   ;103.860;426.571;225;75,65%;53,90%
Caserta;CE;Caserta;74450;18.738.359;117.165;18.704.689;37.560.213;505;50,20%;39,90%
Casola di Napoli;NA;NA 3;3791;943.339; -   ;276.620;1.219.959;322;77,33%;57,30%
Casoria;NA;NA 1;76205;15.636.318; -   ;18.026.540;33.662.858;442;46,45%;39,70%
Cassano Irpino;AV;Avellino;918;156.226; -   ;73.989;230.215;251;67,86%;54,60%
Castel Baronia;AV;Avellino;1096;207.343; -   ;114.210;321.553;293;64,48%;51,90%
Castel Campagnano;CE;Caserta;1507;381.225; -   ;274.880;656.105;435;58,10%;45,90%
Castel di Sasso;CE;Caserta;1121;85.230;89.680;123.720;298.630;266;58,57%;46,60%
Castel Morrone;CE;Caserta;3738;846.851; -   ;532.460;1.379.311;369;61,40%;45,90%
Castel San Giorgio;SA;Salerno;13695;4.074.572; -   ;1.043.380;5.117.952;374;79,61%;62,40%
Castel San Lorenzo;SA;Salerno;2313;496.960; -   ;133.140;630.100;272;78,87%;63,20%
Castel Volturno;CE;Caserta;26735;5.811.446; -   ;15.520.470;21.331.916;798;27,24%;15,80%
Castelcivita;SA;Salerno;1564;195.150; -   ;169.780;364.930;233;53,48%;47,70%
Castelfranci;AV;Avellino;1924;341.649; -   ;188.580;530.229;276;64,43%;51,10%
Castelfranco in Miscano;BN;Benevento;863;123.245; -   ;78.440;201.685;234;61,11%;45,20%
Castellabate;SA;Salerno;8956;4.476.025; -   ;1.510.520;5.986.545;668;74,77%;59,30%
Castellammare di Stabia;NA;NA 3;65300;17.341.763;821;14.749.460;32.092.044;491;54,04%;39,40%
Castello del Matese;CE;Caserta;1425;382.109;10.950;96.600;489.659;344;80,27%;47,90%
Castello di Cisterna;NA;NA 3;7957;1.945.368; -   ;1.977.300;3.922.668;493;49,59%;35,00%
Castelnuovo Cilento;SA;Salerno;2840;835.683; -   ;140.590;976.273;344;85,60%;68,00%
Castelnuovo di Conza;SA;Salerno;602;118.192; -   ;46.520;164.712;274;71,76%;60,70%
Castelpagano;BN;Benevento;1407;190.920;112.560;90.440;393.920;280;77,04%;57,70%
Castelpoto;BN;Benevento;1172;293.900; -   ;144.850;438.750;374;66,99%;37,80%
Castelvenere;BN;Benevento;2644;536.860;62.963;148.040;747.863;283;80,20%;64,00%
Castelvetere in Val Fortore;BN;Benevento;1094;106.080; -   ;56.100;162.180;148;65,41%;57,50%
Castelvetere sul Calore;AV;Avellino;1564;306.447; -   ;180.770;487.217;312;62,90%;52,20%
Castiglione del Genovesi;SA;Salerno;1325;251.286; -   ;114.060;365.346;276;68,78%;55,40%
Cautano;BN;Benevento;1981;596.935; -   ;67.260;664.195;335;89,87%;55,30%
Cava de' Tirreni;SA;salerno;52564;14.661.139;164.250;7.229.040;22.054.429;420;67,22%;55,50%
Celle di Bulgheria;SA;Salerno;1804;360.430; -   ;225.700;586.130;325;61,49%;44,60%
Cellole;CE;Caserta;8048;3.479.565; -   ;2.914.620;6.394.185;795;54,42%;35,10%
Centola;SA;Salerno;5087;2.364.600; -   ;880.360;3.244.960;638;72,87%;53,90%
Ceppaloni;BN;Benevento;3285;635.770; -   ;452.560;1.088.330;331;58,42%;41,70%
Ceraso;SA;Salerno;2301;502.986; -   ;114.900;617.886;269;81,40%;62,40%
Cercola;NA;NA 3;17656;4.458.640; -   ;3.716.700;8.175.340;463;54,54%;41,00%
Cerreto Sannita;BN;Benevento;3747;1.070.790; -   ;269.000;1.339.790;358;79,92%;47,00%
Cervinara;AV;Avellino;9300;2.384.265; -   ;1.483.870;3.868.135;416;61,64%;51,30%
Cervino;CE;Caserta;4987;1.307.100; -   ;391.220;1.698.320;341;76,96%;62,70%
Cesa;CE;Caserta;9328;1.818.645; -   ;1.741.860;3.560.505;382;51,08%;37,00%
Cesinali;AV;Avellino;2631;572.348; -   ;277.880;850.228;323;67,32%;55,20%
Cetara;SA;Salerno;2061;1.062.007; -   ;251.070;1.313.077;637;80,88%;66,80%
Chianche;AV;Avellino;459;89.664;4.928;79.860;174.452;380;54,22%;45,90%
Chiusano di San Domenico;AV;Avellino;2178;482.762;5.475;157.580;645.817;297;75,60%;53,80%
Cicciano;NA;NA 3;12781;2.457.917; -   ;2.120.320;4.578.237;358;53,69%;43,50%
Cicerale;SA;Salerno;1208;282.000; -   ;102.960;384.960;319;73,25%;56,60%
Cimitile;NA;NA 3;7147;1.707.380; -   ;1.344.160;3.051.540;427;55,95%;45,00%
Ciorlano;CE;Caserta;389;34.305; -   ;89.060;123.365;317;27,81%;26,00%
Circello;BN;Benevento;2263;478.547; -   ;104.580;583.127;258;82,07%;61,20%
Colle Sannita;BN;Benevento;2321;512.634; -   ;202.620;715.254;308;71,67%;55,80%
Colliano;SA;Salerno;3521;654.603; -   ;315.040;969.643;275;67,51%;56,50%
Comiziano;NA;NA 3;1744;277.520; -   ;547.160;824.680;473;33,65%;27,90%
Conca dei Marini;SA;Salerno;675;345.315;10.950;124.440;480.705;712;74,11%;58,40%
Conca della Campania;CE;Caserta;1193;328.670;4.106;101.050;433.826;364;76,71%;62,70%
Contrada;AV;Avellino;3013;576.422; -   ;387.700;964.122;320;59,79%;50,80%
Controne;SA;Salerno;806;145.000; -   ;98.740;243.740;302;59,49%;49,80%
Contursi Terme;SA;Salerno;3312;635.550; -   ;379.680;1.015.230;307;62,60%;49,60%
Conza della Campania;AV;Avellino;1301;194.289; -   ;173.020;367.309;282;52,90%;45,60%
Corbara;SA;Salerno;2525;726.060;10.950;271.320;1.008.330;399;73,09%;59,50%
Corleto Monforte;SA;Salerno;528;136.275; -   ;28.520;164.795;312;82,69%;63,40%
Crispano;NA;NA 1;12167;2.160.652; -   ;2.948.830;5.109.482;420;42,29%;30,50%
Cuccaro Vetere;SA;Salerno;555;52.690;44.400;62.800;159.890;288;60,72%;53,10%
Curti;CE;Caserta;6951;1.525.690; -   ;1.669.400;3.195.090;460;47,75%;40,30%
Cusano Mutri;BN;Benevento;3959;840.220;234.878;113.290;1.188.388;300;90,47%;48,80%
Domicella;AV;Avellino;1862;616.259; -   ;15.800;632.059;339;97,50%;71,00%
Dragoni;CE;Caserta;2081;526.718; -   ;304.830;831.548;400;63,34%;49,50%
Dugenta;BN;Benevento;2751;589.884; -   ;196.320;786.204;286;75,03%;57,70%
Durazzano;BN;Benevento;2173;817.380; -   ;108.220;925.600;426;88,31%;49,10%
Eboli;SA;Salerno;39442;8.420.807; -   ;6.995.592;15.416.399;391;54,62%;45,00%
Ercolano;NA;NA 3;52273;10.402.228; -   ;10.994.700;21.396.928;409;48,62%;39,40%
Faicchio;BN;Benevento;3545;642.560; -   ;158.860;801.420;226;80,18%;64,10%
Falciano del Massico;CE;Caserta;3492;1.024.730; -   ;541.380;1.566.110;448;65,43%;51,20%
Felitto;SA;Salerno;1213;222.675; -   ;37.410;260.085;214;85,62%;63,10%
Fisciano;SA;Salerno;13878;5.928.896; -   ;1.336.500;7.265.396;524;81,60%;63,00%
Flumeri;AV;Avellino;2856;474.332; -   ;431.390;905.722;317;52,37%;44,40%
Foglianise;BN;Benevento;3240;807.797; -   ;396.920;1.204.717;372;67,05%;54,50%
Foiano di Val Fortore;BN;Benevento;1396;275.965; -   ;56.270;332.235;238;83,06%;56,80%
Fontanarosa;AV;Avellino;2968;587.508; -   ;299.640;887.148;299;66,22%;53,70%
Fontegreca;CE;Caserta;785;41.311; -   ;163.380;204.691;261;20,18%;15,20%
Forchia;BN;Benevento;1219;420.810; -   ;81.380;502.190;412;83,79%;59,10%
Forino;AV;Avellino;5268;1.401.510; -   ;842.400;2.243.910;426;62,46%;41,70%
Forio;NA;NA 2;18028;4.427.430; -   ;7.727.700;12.155.130;674;36,42%;26,70%
Formicola;CE;Caserta;1435;392.960; -   ;188.060;581.020;405;67,63%;50,30%
Fragneto l'Abate;BN;Benevento;999;136.200;41.063;174.460;351.723;352;50,40%;35,70%
Fragneto Monforte;BN;Benevento;1772;297.491;75.281;184.300;557.072;314;66,92%;51,20%
Francolise;CE;Caserta;4721;1.298.613; -   ;721.100;2.019.713;428;64,30%;49,10%
Frasso Telesino;BN;Benevento;2206;522.685; -   ;210.260;732.945;332;71,31%;52,90%
Frattamaggiore;NA;NA 2;29524;9.394.117; -   ;5.450.480;14.844.597;503;63,28%;50,50%
Frattaminore;NA;NA 1;16056;3.802.171; -   ;2.697.740;6.499.911;405;58,50%;42,00%
Frigento;AV;Avellino;3541;558.007;283.280;345.950;1.187.237;335;70,86%;58,00%
Frignano;CE;Caserta;9209;2.033.968; -   ;2.081.380;4.115.348;447;49,42%;40,30%
Furore;SA;Salerno;747;220.350;7.939;121.700;349.989;469;65,23%;53,00%
Futani;SA;Salerno;1126;163.040; -   ;120.200;283.240;252;57,56%;48,40%
Gallo Matese;CE;Caserta;540;48.467; -   ;98.120;146.587;271;33,06%;27,40%
Galluccio;CE;Caserta;2059;662.529;27.375;101.660;791.564;384;87,16%;63,80%
Gesualdo;AV;Avellino;3418;630.377; -   ;343.900;974.277;285;64,70%;51,60%
Giano Vetusto;CE;Caserta;660;128.195;9.581;99.400;237.176;359;58,09%;41,50%
Giffoni Sei Casali;SA;Salerno;5043;1.313.193; -   ;366.120;1.679.313;333;78,20%;61,30%
Giffoni Valle Piana;SA;Salerno;11835;3.289.463; -   ;1.145.120;4.434.583;375;74,18%;56,80%
Ginestra degli Schiavoni;BN;Benevento;439;103.350; -   ;8.360;111.710;254;92,52%;67,30%
Gioi;SA;Salerno;1190;143.470; -   ;231.480;374.950;315;38,26%;33,20%
Gioia Sannitica;CE;Caserta;3469;438.480;147.004;425.140;1.010.624;291;57,93%;49,80%
Giugliano in Campania;NA;NA 2;125058;27.313.877;41.063;35.386.630;62.741.570;502;43,60%;29,50%
Giungano;SA;Salerno;1306;243.690; -   ;88.870;332.560;255;73,28%;54,10%
Gragnano;NA;NA 3;28821;7.126.909; -   ;3.949.040;11.075.949;384;64,35%;51,20%
Grazzanise;CE;Caserta;7000;1.496.760; -   ;1.511.310;3.008.070;430;49,76%;40,60%
Greci;AV;Avellino;627;114.859; -   ;112.740;227.599;363;50,47%;38,70%
Gricignano di Aversa;CE;Caserta;12649;2.322.335; -   ;4.560.180;6.882.515;544;33,74%;25,10%
Grottaminarda;AV;Avellino;7921;2.034.412; -   ;1.337.970;3.372.382;426;60,33%;49,70%
Grottolella;AV;Avellino;1893;308.396;8.760;248.360;565.516;299;56,08%;43,80%
Grumo Nevano;NA;NA 2;17777;3.286.843; -   ;3.996.340;7.283.183;410;45,13%;35,50%
Guardia Lombardi;AV;Avellino;1599;218.430; -   ;100.380;318.810;199;68,51%;54,20%
Guardia Sanframondi;BN;Benevento;4807;1.306.615;23.543;310.560;1.640.718;341;81,07%;49,70%
Ischia;NA;NA 2;20245;8.171.108; -   ;6.921.280;15.092.388;745;54,14%;38,70%
Ispani;SA;Salerno;1001;277.150; -   ;237.860;515.010;514;53,81%;39,70%
Lacco Ameno;NA;NA 2;4769;1.236.800; -   ;2.014.580;3.251.380;682;38,04%;28,60%
Lacedonia;AV;Avellino;2170;322.030; -   ;492.020;814.050;375;39,56%;34,40%
Lapio;AV;Avellino;1491;273.565;23.816;136.980;434.361;291;68,46%;54,50%
Laureana Cilento;SA;Salerno;1191;225.054; -   ;169.320;394.374;331;57,07%;46,90%
Laurino;SA;Salerno;1376;239.760; -   ;94.320;334.080;243;71,77%;63,00%
Laurito;SA;Salerno;745;120.340;59.600;72.310;252.250;339;71,33%;51,70%
Lauro;AV;Avellino;3429;999.954;16.699;394.030;1.410.683;411;72,07%;60,30%
Laviano;SA;Salerno;1378;291.892; -   ;135.780;427.672;310;68,25%;52,50%
Letino;CE;Caserta;666;58.626; -   ;141.860;200.486;301;29,24%;17,40%
Lettere;NA;NA 3;6192;1.561.200; -   ;844.510;2.405.710;389;64,90%;52,40%
Liberi;CE;Caserta;1104;191.030;82.673;142.525;416.228;377;65,76%;55,20%
Limatola;BN;Benevento;4140;1.286.000; -   ;573.940;1.859.940;449;69,14%;46,60%
Lioni;AV;Avellino;6130;1.576.112; -   ;630.400;2.206.512;360;71,43%;55,10%
Liveri;NA;NA 3;1563;423.121; -   ;377.480;800.601;512;52,85%;38,50%
Luogosano;AV;Avellino;1127;314.324; -   ;101.100;415.424;369;75,66%;64,10%
Lusciano;CE;Caserta;15890;4.001.280; -   ;2.690.120;6.691.400;421;59,80%;46,10%
Lustra;SA;Salerno;1033;96.250;82.640;101.840;280.730;272;63,72%;53,10%
Macerata Campania;CE;Caserta;10256;1.818.401; -   ;2.263.980;4.082.381;398;44,54%;34,80%
Maddaloni;CE;Caserta;38219;5.173.360;9.034;12.442.280;17.624.674;461;29,40%;24,30%
Magliano Vetere;SA;Salerno;644;121.020; -   ;50.880;171.900;267;70,40%;64,20%
Maiori;SA;Salerno;5514;2.585.949; -   ;1.127.525;3.713.474;673;69,64%;59,20%
Manocalzati;AV;Avellino;3147;811.767;21.353;400.060;1.233.180;392;67,56%;56,30%
Marano di Napoli;NA;NA 2;59576;8.250.357; -   ;14.664.520;22.914.877;385;36,00%;31,40%
Marcianise;CE;Caserta;39423;13.969.477;11.224;3.311.720;17.292.421;439;80,85%;65,00%
Mariglianella;NA;NA 3;7956;2.347.620; -   ;1.024.120;3.371.740;424;69,63%;51,40%
Marigliano;NA;NA 3;29744;6.233.303;84.315;6.734.980;13.052.598;439;48,40%;37,80%
Marzano Appio;CE;Caserta;2127;366.891; -   ;365.060;731.951;344;50,13%;43,30%
Marzano di Nola;AV;Avellino;1671;656.492; -   ;109.260;765.752;458;85,73%;56,00%
Massa di Somma;NA;NA 3;5242;1.127.928; -   ;691.160;1.819.088;347;62,01%;49,60%
Massa Lubrense;NA;NA 3;14308;5.182.689;191.625;1.918.240;7.292.554;510;73,70%;59,30%
Melito di Napoli;NA;NA 2;37690;3.522.942; -   ;12.164.280;15.687.222;416;22,46%;16,10%
Melito Irpino;AV;Avellino;1874;375.835; -   ;167.710;543.545;290;69,15%;57,10%
Melizzano;BN;Benevento;1787;418.175;29.018;189.969;637.162;357;70,19%;37,00%
Mercato San Severino;SA;Salerno;22190;6.052.719; -   ;2.952.450;9.005.169;406;67,21%;55,50%
Mercogliano;AV;Avellino;12118;2.351.333;8.486;2.014.140;4.373.959;361;53,95%;44,60%
Meta;NA;NA 3;7953;2.617.251; -   ;1.118.330;3.735.581;470;70,06%;56,40%
Mignano Monte Lungo;CE;Caserta;3074;666.660;58.856;266.860;992.376;323;73,11%;59,40%
Minori;SA;Salerno;2679;1.126.699; -   ;302.794;1.429.493;534;78,82%;65,50%
Mirabella Eclano;AV;Avellino;7397;1.805.513; -   ;1.197.000;3.002.513;406;60,13%;45,50%
Moiano;BN;Benevento;4129;1.000.800;2.738;270.920;1.274.458;309;78,74%;56,80%
Moio della Civitella;SA;Salerno;1874;472.647; -   ;112.500;585.147;312;80,77%;63,00%
Molinara;BN;Benevento;1537;391.265; -   ;92.080;483.345;314;80,95%;61,00%
Mondragone;CE;Caserta;29808;5.195.780; -   ;8.552.600;13.748.380;461;37,79%;24,20%
Montaguto;AV;Avellino;373;88.766; -   ;34.430;123.196;330;72,05%;61,10%
Montano Antilia;SA;Salerno;1912;256.280; -   ;146.480;402.760;211;63,63%;55,00%
Monte di Procida;NA;NA 2;12565;4.710.606; -   ;1.051.600;5.762.206;459;81,75%;60,60%
Monte San Giacomo;SA;Salerno;1507;280.530; -   ;114.830;390.580;259;71,82%;63,40%
Montecalvo Irpino;AV;Avellino;3502;490.592; -   ;368.240;858.832;245;57,12%;49,00%
Montecorice;SA;Salerno;2631;924.260; -   ;127.620;1.051.880;400;87,87%;62,50%
Montecorvino Pugliano;SA;Salerno;11086;2.478.867; -   ;1.427.220;3.906.087;352;63,46%;48,70%
Montecorvino Rovella;SA;Salerno;12525;2.673.060; -   ;1.209.500;3.882.560;310;68,85%;54,10%
Montefalcione;AV;Avellino;3235;625.856; -   ;435.420;1.061.276;328;58,97%;47,50%
Montefalcone di Val Fortore;BN;Benevento;1398;331.560;4.380;83.480;419.420;300;80,10%;64,90%
Monteforte Cilento;SA;Salerno;536;72.480; -   ;24.000;96.480;180;75,12%;61,90%
Monteforte Irpino;AV;Avellino;11684;2.738.168; -   ;1.367.300;4.105.468;351;66,70%;49,00%
Montefredane;AV;Avellino;2166;437.148; -   ;319.830;756.978;349;57,75%;49,70%
Montefusco;AV;Avellino;1260;332.276; -   ;83.460;415.736;330;79,92%;48,30%
Montella;AV;Avellino;7563;1.884.927; -   ;760.340;2.645.267;350;71,26%;58,10%
Montemarano;AV;Avellino;2741;459.525; -   ;343.680;803.205;293;57,21%;49,10%
Montemiletto;AV;Avellino;5175;818.498; -   ;724.540;1.543.038;298;53,04%;45,30%
Montesano sulla Marcellana;SA;Salerno;6439;892.480;41.063;374.150;1.307.693;203;71,39%;58,00%
Montesarchio;BN;Benevento;13390;4.314.549;8.213;702.280;5.025.042;375;86,02%;62,10%
Monteverde;AV;Avellino;740;162.550; -   ;68.170;230.720;312;70,45%;55,10%
Montoro;AV;Avellino;19620;4.915.960; -   ;2.413.540;7.329.500;374;67,07%;50,80%
Morcone;BN;Benevento;4752;978.510;123.188;233.900;1.335.598;281;82,49%;58,40%
Morigerati;SA;Salerno;623;165.860; -   ;15.200;181.060;291;91,60%;52,80%
Morra De Sanctis;AV;Avellino;1188;182.068; -   ;247.610;429.678;362;42,37%;37,50%
Moschiano;AV;Avellino;1634;329.951; -   ;258.360;588.311;360;56,08%;43,90%
Mugnano del Cardinale;AV;Avellino;5169;1.271.195; -   ;520.620;1.791.815;347;70,94%;57,40%
Mugnano di Napoli;NA;NA 2;35233;7.794.042; -   ;5.863.680;13.657.722;388;57,07%;40,80%
Napoli;NA;NA 1;962589;183.324.577;22.721;322.731.686;506.078.984;526;36,23%;27,40%
Nocera Inferiore;SA;Salerno;45445;10.207.010; -   ;9.232.800;19.439.810;428;52,51%;44,00%
Nocera Superiore;SA;Salerno;24264;7.093.294; -   ;1.995.120;9.088.414;375;78,05%;59,50%
Nola;NA;NA 3;34450;7.891.336; -   ;7.889.140;15.780.476;458;50,01%;40,10%
Novi Velia;SA;Salerno;2321;415.280; -   ;171.680;586.960;253;70,75%;58,20%
Nusco;AV;Avellino;4068;568.627; -   ;512.900;1.081.527;266;52,58%;45,80%
Ogliastro Cilento;SA;Salerno;2270;650.730; -   ;348.180;998.910;440;65,14%;41,40%
Olevano sul Tusciano;SA;Salerno;6703;1.451.809; -   ;371.980;1.823.789;272;79,60%;61,90%
Oliveto Citra;SA;Salerno;3702;797.690; -   ;634.880;1.432.570;387;55,68%;45,50%
Omignano;SA;Salerno;1646;467.070; -   ;195.450;662.520;403;70,50%;56,90%
Orria;SA;Salerno;1022;164.120; -   ;141.480;305.600;299;53,70%;41,40%
Orta di Atella;CE;Caserta;27419;3.234.677; -   ;6.017.120;9.251.797;337;34,96%;27,90%
Ospedaletto d'Alpinolo;AV;Avellino;2150;560.892; -   ;221.280;782.172;364;71,71%;59,40%
Ottati;SA;Salerno;644;120.110; -   ;39.300;159.410;248;75,35%;60,10%
Ottaviano;NA;NA 3;23669;8.563.047; -   ;1.635.020;10.198.067;431;83,97%;68,80%
Padula;SA;Salerno;5308;1.022.400; -   ;345.000;1.367.400;258;74,77%;58,70%
Paduli;BN;Benevento;3826;795.315; -   ;123.400;918.715;240;86,57%;50,90%
Pagani;SA;Salerno;35404;6.777.665; -   ;9.288.380;16.066.045;454;42,19%;32,50%
Pago del Vallo di Lauro;AV;Avellino;1761;357.080; -   ;250.460;607.540;345;58,77%;41,10%
Pago Veiano;BN;Benevento;2367;710.783;18.615;132.440;861.838;364;84,63%;49,40%
Palma Campania;NA;NA 3;16255;4.024.631; -   ;3.239.260;7.263.891;447;55,41%;41,60%
Palomonte;SA;Salerno;3904;395.784; -   ;337.260;733.044;188;53,99%;47,60%
Pannarano;BN;Benevento;2106;522.900; -   ;140.420;663.320;315;78,83%;44,80%
Paolisi;BN;Benevento;2072;672.592; -   ;191.240;863.832;417;77,86%;54,20%
Parete;CE;Caserta;11943;3.739.590; -   ;1.315.240;5.054.830;423;73,98%;57,80%
Parolise;AV;Avellino;646;160.461;2.738;93.840;257.039;398;63,49%;49,30%
Pastorano;CE;Caserta;3015;1.204.971; -   ;687.800;1.892.771;628;63,66%;48,10%
Paternopoli;AV;Avellino;2272;471.398; -   ;200.900;672.298;296;70,12%;57,30%
Paupisi;BN;Benevento;1663;325.068; -   ;109.500;434.568;261;74,80%;34,50%
Pellezzano;SA;Salerno;11118;2.828.380; -   ;1.754.320;4.582.700;412;61,72%;48,20%
Perdifumo;SA;Salerno;1767;482.113; -   ;89.170;571.283;323;84,39%;65,00%
Perito;SA;Salerno;876;142.760; -   ;69.960;212.720;243;67,11%;53,70%
Pertosa;SA;Salerno;670;134.870; -   ;109.140;244.010;364;55,27%;40,80%
Pesco Sannita;BN;Benevento;1922;452.694; -   ;193.400;646.094;336;70,07%;34,00%
Petina;SA;Salerno;1083;174.470; -   ;46.840;221.310;204;78,84%;62,20%
Petruro Irpino;AV;Avellino;289;27.398; -   ;28.730;56.128;194;48,81%;42,80%
Piaggine;SA;Salerno;1231;222.320; -   ;217.830;440.150;358;50,51%;39,00%
Piana di Monte Verna;CE;Caserta;2256;426.995;180.480;406.569;1.014.044;449;59,91%;50,70%
Piano di Sorrento;NA;NA 3;12883;4.218.084;34.219;2.029.260;6.281.563;488;67,69%;49,40%
Piedimonte Matese;CE;Caserta;10689;2.425.441; -   ;1.651.600;4.077.041;381;59,49%;51,60%
Pietradefusi;AV;Avellino;2167;364.328; -   ;309.060;673.388;311;54,10%;41,40%
Pietramelara;CE;Caserta;4604;726.610; -   ;850.840;1.577.450;343;46,06%;38,20%
Pietraroja;BN;Benevento;516;101.083; -   ;21.780;122.863;238;82,27%;62,30%
Pietrastornina;AV;Avellino;1473;303.658; -   ;155.340;458.998;312;66,16%;52,70%
Pietravairano;CE;Caserta;2912;556.204;14.509;354.440;925.153;318;61,69%;42,90%
Pietrelcina;BN;Benevento;3008;1.008.386;28.744;199.440;1.236.570;411;83,87%;58,00%
Pignataro Maggiore;CE;Caserta;5830;1.493.895; -   ;1.055.090;2.548.985;437;58,61%;50,10%
Pimonte;NA;NA 3;6004;1.353.580; -   ;624.940;1.978.520;330;68,41%;51,40%
Pisciotta;SA;Salerno;2555;1.052.520;35.588;390.220;1.478.328;579;73,60%;60,20%
Poggiomarino;NA;NA 3;22193;5.376.355; -   ;4.237.840;9.614.195;433;55,92%;43,90%
Polla;SA;Salerno;5264;1.201.036; -   ;500.160;1.701.196;323;70,60%;57,00%
Pollena Trocchia;NA;NA 3;13364;2.981.569; -   ;2.526.000;5.507.569;412;54,14%;38,30%
Pollica;SA;Salerno;2284;1.794.780; -   ;406.680;2.201.460;964;81,53%;58,30%
Pomigliano d'Arco;NA;NA 3;40318;13.562.354; -   ;5.708.320;19.270.674;478;70,38%;54,80%
Pompei;NA;NA 3;24981;7.593.902; -   ;7.647.320;15.241.222;610;49,82%;42,00%
Ponte;BN;Benevento;2512;606.106; -   ;387.800;993.906;396;60,98%;37,60%
Pontecagnano Faiano;SA;Salerno;26390;7.429.550; -   ;3.847.580;11.277.130;427;65,88%;53,30%
Pontelandolfo;BN;Benevento;2082;481.560; -   ;160.040;641.600;308;75,06%;58,30%
Pontelatone;CE;Caserta;1626;280.995; -   ;378.720;659.715;406;42,59%;30,90%
Portici;NA;NA 3;53724;13.149.760; -   ;9.751.720;22.901.480;426;57,42%;46,70%
Portico di Caserta;CE;Caserta;7828;1.344.000; -   ;1.725.600;3.069.600;392;43,78%;35,50%
Positano;SA;Salerno;3854;2.612.380; -   ;2.004.700;4.617.080;1.198;56,58%;49,10%
Postiglione;SA;Salerno;2048;240.966; -   ;217.440;458.406;224;52,57%;43,30%
Pozzuoli;NA;NA 2;80074;30.172.795; -   ;11.581.320;41.754.115;521;72,26%;54,40%
Praiano;SA;Salerno;2020;990.941;56.393;409.750;1.457.084;721;71,88%;61,60%
Prata di Principato Ultra;AV;Avellino;2911;556.659; -   ;459.160;1.015.819;349;54,80%;43,30%
Prata Sannita;CE;Caserta;1436;235.487; -   ;107.680;343.167;239;68,62%;57,20%
Pratella;CE;Caserta;1491;157.623; -   ;372.320;529.943;355;29,74%;19,70%
Pratola Serra;AV;Avellino;3735;731.404; -   ;652.560;1.383.964;371;52,85%;39,70%
Presenzano;CE;Caserta;1789;368.443;95.813;235.320;699.576;391;66,36%;48,00%
Prignano Cilento;SA;Salerno;1063;183.410; -   ;109.040;292.450;275;62,71%;55,10%
Procida;NA;NA 2;10414;4.456.828; -   ;1.918.600;6.375.428;612;69,91%;54,90%
Puglianello;BN;Benevento;1360;445.222; -   ;225.520;670.742;493;66,38%;47,80%
Quadrelle;AV;Avellino;1881;399.311; -   ;158.380;557.691;296;71,60%;55,20%
Qualiano;NA;NA 2;25706;4.230.148; -   ;5.063.120;9.293.268;362;45,52%;36,30%
Quarto;NA;NA 2;41180;8.523.530;548;8.200.958;16.725.036;406;50,97%;37,50%
Quindici;AV;Avellino;1906;354.767; -   ;339.590;694.357;364;51,09%;39,20%
Ravello;SA;Salerno;2469;1.219.939; -   ;664.970;1.884.909;763;64,72%;56,00%
Raviscanina;CE;Caserta;1265;64.574; -   ;299.730;364.304;288;17,73%;15,30%
Recale;CE;Caserta;7820;2.006.390; -   ;974.500;2.980.890;381;67,31%;49,90%
Reino;BN;Benevento;1153;441.133; -   ;96.860;537.993;467;82,00%;38,00%
Riardo;CE;Caserta;2330;501.652; -   ;603.400;1.105.052;474;45,40%;35,40%
Ricigliano;SA;Salerno;1102;104.675;88.160;136.840;329.675;299;58,49%;50,10%
Rocca d'Evandro;CE;Caserta;3088;612.490; -   ;261.660;874.150;283;70,07%;53,20%
Rocca San Felice;AV;Avellino;818;127.778; -   ;172.230;300.008;367;42,59%;31,80%
Roccabascerana;AV;Avellino;2341;646.870; -   ;215.350;862.220;368;75,02%;51,70%
Roccadaspide;SA;Salerno;7036;1.527.004; -   ;479.460;2.006.464;285;76,10%;64,90%
Roccagloriosa;SA;Salerno;1628;315.860;7.665;149.840;473.365;291;68,35%;59,50%
Roccamonfina;CE;Caserta;3340;988.810; -   ;424.120;1.412.930;423;69,98%;55,50%
Roccapiemonte;SA;Salerno;8923;2.525.824; -   ;693.920;3.219.744;361;78,45%;55,70%
Roccarainola;NA;NA 3;6888;976.750; -   ;1.126.740;2.103.490;305;46,43%;37,20%
Roccaromana;CE;Caserta;843;133.945; -   ;143.000;276.945;329;48,37%;38,90%
Rocchetta e Croce;CE;Caserta;455;88.805; -   ;32.040;120.845;266;73,49%;55,90%
Rofrano;SA;Salerno;1458;316.190; -   ;82.290;398.480;273;79,35%;61,20%
Romagnano al Monte;SA;Salerno;377;61.868; -   ;45.000;106.868;283;57,89%;47,90%
Roscigno;SA;Salerno;679;114.907; -   ;30.360;145.267;214;79,10%;63,00%
Rotondi;AV;Benevento;3585;1.068.653; -   ;382.120;1.450.773;405;73,66%;60,50%
Rutino;SA;Salerno;791;250.511; -   ;100.840;351.351;444;71,30%;58,20%
Ruviano;CE;Caserta;1729;287.530;138.320;180.820;606.670;351;70,19%;43,40%
Sacco;SA;Salerno;454;117.900; -   ;56.880;174.780;385;67,46%;51,70%
Sala Consilina;SA;Salerno;12116;3.337.610;10.950;1.492.760;4.841.320;400;69,17%;54,90%
Salento;SA;Salerno;1929;343.644;26.280;171.080;541.004;280;68,38%;57,80%
Salerno;SA;Salerno;132702;37.214.264;274;25.228.840;62.443.378;471;59,60%;47,30%
Salvitelle;SA;Salerno;508;55.662;15.330;70.510;141.502;279;50,17%;42,80%
Salza Irpina;AV;Avellino;741;157.365; -   ;78.970;236.335;319;66,59%;51,90%
San Bartolomeo in Galdo;BN;Benevento;4573;1.134.184;21.353;357.840;1.513.377;331;76,35%;50,60%
San Cipriano d'Aversa;CE;Caserta;13699;4.509.974; -   ;1.495.520;6.005.494;438;75,10%;57,10%
San Cipriano Picentino;SA;Salerno;6601;1.812.507; -   ;849.240;2.661.747;403;68,09%;50,30%
San Felice a Cancello;CE;Caserta;17245;4.474.854; -   ;1.971.240;6.446.094;374;69,42%;54,40%
San Gennaro Vesuviano;NA;NA 3;12173;1.775.115; -   ;2.681.000;4.456.115;366;39,84%;31,70%
San Giorgio a Cremano;NA;NA 3;44564;7.683.077; -   ;7.381.572;15.064.649;338;51,00%;42,20%
San Giorgio del Sannio;BN;Benevento;9992;2.391.734; -   ;957.460;3.349.194;335;71,41%;60,90%
San Giorgio La Molara;BN;Benevento;2923;414.485; -   ;109.190;523.675;179;79,15%;58,90%
San Giovanni a Piro;SA;Salerno;3719;1.048.100; -   ;426.550;1.474.650;397;71,07%;55,30%
San Giuseppe Vesuviano;NA;NA 3;31341;6.174.951; -   ;5.646.880;11.821.831;377;52,23%;40,60%
San Gregorio Magno;SA;Salerno;4089;524.618; -   ;436.920;961.538;235;54,56%;45,20%
San Gregorio Matese;CE;Caserta;912;154.955; -   ;105.840;260.795;286;59,42%;49,00%
San Leucio del Sannio;BN;Benevento;3021;668.950;4.106;216.920;889.976;295;75,63%;52,10%
San Lorenzello;BN;Benevento;2188;476.759; -   ;239.350;716.109;327;66,58%;53,60%
San Lorenzo Maggiore;BN;Benevento;2036;481.094; -   ;89.300;570.394;280;84,34%;41,40%
San Lupo;BN;Benevento;736;102.860; -   ;157.560;260.420;354;39,50%;11,50%
San Mango Piemonte;SA;Salerno;2702;628.260; -   ;295.900;924.160;342;67,98%;45,80%
San Mango sul Calore;AV;Avellino;1137;212.374; -   ;82.920;295.294;260;71,92%;54,20%
San Marcellino;CE;Caserta;14517;3.714.870; -   ;2.694.950;6.409.820;442;57,96%;45,80%
San Marco dei Cavoti;BN;Benevento;3170;808.177;53.381;256.600;1.118.158;353;77,05%;50,20%
San Marco Evangelista;CE;Caserta;6632;2.371.670; -   ;1.098.160;3.469.830;523;68,35%;52,60%
San Martino Sannita;BN;Benevento;1204;296.590;32.029;108.880;437.499;363;75,11%;45,10%
San Martino Valle Caudina;AV;Avellino;4884;1.416.528; -   ;352.500;1.769.028;362;80,07%;63,70%
San Marzano sul Sarno;SA;Salerno;10533;1.975.880; -   ;2.458.520;4.434.400;421;44,56%;35,90%
San Mauro Cilento;SA;Salerno;868;150.060; -   ;96.250;246.310;284;60,92%;37,80%
San Mauro la Bruca;SA;Salerno;549;57.930;43.920;47.980;149.830;273;67,98%;55,60%
San Michele di Serino;AV;Avellino;2488;473.325; -   ;398.860;872.185;351;54,27%;44,30%
San Nazzaro;BN;Benevento;870;156.621;30.113;101.020;287.754;331;64,89%;48,80%
San Nicola Baronia;AV;Avellino;760;158.794; -   ;85.944;244.738;322;64,88%;54,20%
San Nicola la Strada;CE;Caserta;22634;4.177.860; -   ;4.982.840;9.160.700;405;45,61%;36,30%
San Nicola Manfredi;BN;Benevento;3650;773.030; -   ;479.400;1.252.430;343;61,72%;42,60%
San Paolo Bel Sito;NA;NA 3;3383;1.190.146; -   ;456.840;1.646.986;487;72,26%;57,80%
San Pietro al Tanagro;SA;Salerno;1689;356.060; -   ;314.400;670.460;397;53,11%;47,00%
San Pietro Infine;CE;Caserta;883;155.098; -   ;71.900;226.998;257;68,33%;60,10%
San Potito Sannitico;CE;Caserta;1959;275.699; -   ;330.440;606.139;309;45,48%;36,70%
San Potito Ultra;AV;Avellino;1558;342.226;5.201;166.100;513.527;330;67,66%;57,10%
San Prisco;CE;Caserta;12293;2.469.725; -   ;2.287.120;4.756.845;387;51,92%;41,30%
San Rufo;SA;Salerno;1680;185.650; -   ;145.300;330.950;197;56,10%;48,20%
San Salvatore Telesino;BN;Benevento;3985;1.079.924;55.845;432.640;1.568.409;394;72,42%;60,30%
San Sebastiano al Vesuvio;NA;NA 3;8955;2.442.831; -   ;1.840.860;4.283.691;478;57,03%;40,90%
San Sossio Baronia;AV;Avellino;1567;245.703; -   ;162.280;407.983;260;60,22%;51,00%
San Tammaro;CE;Caserta;5787;1.547.383; -   ;1.126.640;2.674.023;462;57,87%;47,40%
San Valentino Torio;SA;Salerno;11016;2.327.960; -   ;2.094.550;4.422.510;401;52,64%;40,80%
San Vitaliano;NA;NA 3;6497;2.198.004; -   ;690.440;2.888.444;445;76,10%;54,30%
Santa Croce del Sannio;BN;Benevento;869;111.862;20.805;100.040;232.707;268;57,01%;43,00%
Santa Lucia di Serino;AV;Avellino;1386;291.363; -   ;200.660;492.023;355;59,22%;48,60%
Santa Maria a Vico;CE;Caserta;14185;4.164.290;28.470;876.510;5.069.270;357;82,71%;63,00%
Santa Maria Capua Vetere;CE;Caserta;32802;7.494.763;22.448;7.798.940;15.316.151;467;49,08%;38,10%
Santa Maria la CaritÃ ;NA;NA 3;11834;3.526.040; -   ;1.452.800;4.978.840;421;70,82%;51,00%
Santa Maria la Fossa;CE;Caserta;2597;781.279; -   ;382.960;1.164.239;448;67,11%;56,80%
Santa Marina;SA;Salerno;3243;679.360; -   ;621.880;1.301.240;401;52,21%;42,30%
Santa Paolina;AV;Avellino;1257;201.199; -   ;163.560;364.759;290;55,16%;48,30%
Sant'Agata de' Goti;BN;Benevento;10849;2.260.428;147.278;1.170.860;3.578.566;330;67,28%;48,90%
Sant'Agnello;NA;NA 3;8912;3.255.324; -   ;1.610.520;4.865.844;546;66,90%;48,80%
Sant'Anastasia;NA;NA 3;27164;7.687.177; -   ;5.674.840;13.362.017;492;57,53%;43,20%
Sant'Andrea di Conza;AV;Avellino;1381;317.070;16.973;67.300;401.343;291;83,23%;63,50%
Sant'Angelo a Cupolo;BN;Benevento;4310;914.525;41.063;258.940;1.214.528;282;78,68%;63,20%
Sant'Angelo a Fasanella;SA;Salerno;546;118.420; -   ;34.950;153.370;281;77,21%;61,70%
Sant'Angelo a Scala;AV;Avellino;740;122.519; -   ;98.840;221.359;299;55,35%;40,60%
Sant'Angelo all'Esca;AV;Avellino;748;189.752; -   ;85.900;275.652;369;68,84%;56,70%
Sant'Angelo d'Alife;CE;Caserta;2193;374.722; -   ;186.360;561.082;256;66,79%;53,50%
Sant'Angelo dei Lombardi;AV;Avellino;4080;570.279; -   ;870.360;1.440.639;353;39,59%;33,20%
Sant'Antimo;NA;NA 2;33691;8.623.329; -   ;8.189.180;16.812.509;499;51,29%;42,50%
Sant'Antonio Abate;NA;NA 3;19654;6.775.415;13.688;2.143.140;8.932.243;454;76,01%;58,60%
Sant'Arcangelo Trimonte;BN;Benevento;521;84.562; -   ;35.140;119.702;230;70,64%;20,00%
Sant'Arpino;CE;Caserta;14993;3.526.613; -   ;2.503.613;6.030.226;402;58,48%;45,20%
Sant'Arsenio;SA;Salerno;2771;595.750; -   ;267.540;863.290;312;69,01%;58,10%
Sant'Egidio del Monte Albino;SA;Salerno;8852;2.218.598; -   ;2.032.470;4.251.068;480;52,19%;40,80%
Santo Stefano del Sole;AV;Avellino;2108;432.693; -   ;252.900;685.593;325;63,11%;49,30%
Santomenna;SA;Salerno;414;58.624; -   ;62.760;121.384;293;48,30%;36,70%
Sanza;SA;Salerno;2477;350.740; -   ;124.320;475.060;192;73,83%;59,80%
Sapri;SA;Salerno;6614;1.611.785; -   ;1.238.760;2.850.545;431;56,54%;46,20%
Sarno;SA;Salerno;31262;10.316.990; -   ;2.659.300;12.976.290;415;79,51%;60,70%
Sassano;SA;Salerno;4868;909.304; -   ;319.680;1.228.984;252;73,99%;64,40%
Sassinoro;BN;Benevento;641;56.497;20.805;54.920;132.222;206;58,46%;39,70%
Saviano;NA;NA 3;16338;4.234.292; -   ;2.402.780;6.637.072;406;63,80%;48,00%
Savignano Irpino;AV;Avellino;1087;163.333; -   ;119.260;282.593;260;57,80%;49,30%
Scafati;SA;Salerno;49997;12.319.488; -   ;7.717.000;20.036.488;401;61,49%;46,80%
Scala;SA;Salerno;1522;454.590; -   ;105.240;559.830;368;81,20%;55,70%
Scampitella;AV;Avellino;1126;215.165; -   ;120.040;335.205;298;64,19%;52,00%
Scisciano;NA;NA 3;6129;1.341.735; -   ;713.060;2.054.795;335;65,30%;51,40%
Senerchia;AV;Salerno;770;92.793; -   ;77.500;170.293;221;54,49%;52,40%
Serino;AV;Avellino;7010;1.466.383; -   ;1.158.320;2.624.703;374;55,87%;44,50%
Serramezzana;SA;Salerno;292;38.170; -   ;17.060;55.230;189;69,11%;56,10%
Serrara Fontana;NA;NA 2;3110;255.810; -   ;1.592.420;1.848.230;594;13,84%;11,00%
Serre;SA;Salerno;3877;1.039.742; -   ;155.780;1.195.522;308;86,97%;66,40%
Sessa Aurunca;CE;Caserta;21036;4.798.233; -   ;4.989.920;9.788.153;465;49,02%;40,40%
Sessa Cilento;SA;Salerno;1244;245.944;54.750;87.260;387.954;312;77,51%;60,50%
Siano;SA;Salerno;9677;2.232.130; -   ;1.449.680;3.681.810;380;60,63%;43,80%
Sicignano degli Alburni;SA;Salerno;3268;780.270; -   ;89.090;869.360;266;89,75%;71,70%
Sirignano;AV;Avellino;2841;803.344; -   ;205.820;1.009.164;355;79,60%;62,00%
Solofra;AV;Avellino;12388;2.591.817;26.006;1.589.740;4.207.563;340;62,22%;49,30%
Solopaca;BN;Benevento;3679;879.540; -   ;266.620;1.146.160;312;76,74%;55,20%
Somma Vesuviana;NA;NA 3;34902;11.846.734; -   ;5.822.790;17.669.524;506;67,05%;49,20%
Sorbo Serpico;AV;Avellino;571;99.146; -   ;62.960;162.106;284;61,16%;49,00%
Sorrento;NA;NA 3;16183;10.752.901;82.946;4.729.010;15.564.857;962;69,62%;56,00%
Sparanise;CE;Caserta;7332;1.996.041; -   ;1.221.940;3.217.981;439;62,03%;49,10%
Sperone;AV;Avellino;3763;1.098.034; -   ;190.860;1.288.894;343;85,19%;62,40%
Stella Cilento;SA;Salerno;689;137.012; -   ;55.140;192.152;279;71,30%;56,20%
Stio;SA;Salerno;802;122.980; -   ;66.150;189.130;236;65,02%;53,70%
Striano;NA;NA 3;8781;2.835.788; -   ;978.870;3.814.658;434;74,34%;53,90%
Sturno;AV;Avellino;3011;652.103; -   ;302.250;954.353;317;68,33%;56,30%
Succivo;CE;Caserta;8681;2.325.965; -   ;1.242.240;3.568.205;411;65,19%;45,00%
Summonte;AV;Avellino;1525;297.113; -   ;170.140;467.253;306;63,59%;52,40%
Taurano;AV;Avellino;1513;385.705; -   ;62.649;448.354;296;86,03%;58,80%
Taurasi;AV;Avellino;2277;480.638; -   ;232.820;713.458;313;67,37%;55,30%
Teano;CE;Caserta;11952;1.837.831; -   ;2.052.880;3.890.711;326;47,24%;40,40%
Teggiano;SA;Salerno;7616;1.342.012;62.689;788.880;2.193.581;288;64,04%;49,20%
Telese Terme;BN;Benevento;7781;2.929.734;46.538;962.520;3.938.792;506;75,56%;54,10%
Teora;AV;Avellino;1459;280.429; -   ;154.540;434.969;298;64,47%;55,50%
Terzigno;NA;NA 3;17824;5.655.060; -   ;2.495.500;8.150.560;457;69,38%;50,60%
Teverola;CE;Caserta;14637;3.981.320; -   ;2.353.060;6.334.380;433;62,85%;50,10%
Tocco Caudio;BN;Benevento;1464;305.710; -   ;135.560;441.270;301;69,28%;36,30%
Tora e Piccilli;CE;Caserta;839;217.557; -   ;238.340;455.897;543;47,72%;37,20%
Torchiara;SA;Salerno;1850;550.061; -   ;82.970;633.031;342;86,89%;64,50%
Torella dei Lombardi;AV;Avellino;2022;278.023; -   ;201.390;479.413;237;57,99%;48,30%
Torraca;SA;Salerno;1233;152.540; -   ;183.740;336.280;273;45,36%;35,40%
Torre Annunziata;NA;NA 3;41787;10.152.952; -   ;7.245.480;17.398.432;416;58,36%;45,20%
Torre del Greco;NA;NA 3;83987;7.758.100;40.789;29.566.867;37.365.756;445;20,87%;12,70%
Torre Le Nocelle;AV;Avellino;1251;261.711; -   ;149.800;411.511;329;63,60%;42,50%
Torre Orsaia;SA;Salerno;2062;355.960; -   ;170.400;526.360;255;67,63%;52,20%
Torrecuso;BN;Benevento;3375;818.750; -   ;491.440;1.310.190;388;62,49%;30,10%
Torrioni;AV;Avellino;483;39.539; -   ;55.300;94.839;196;41,69%;33,10%
Tortorella;SA;Salerno;498;64.005;13.688;37.140;114.833;231;67,66%;32,50%
Tramonti;SA;Salerno;4131;1.104.545;266.633;286.300;1.657.478;401;82,73%;63,90%
Trecase;NA;NA 3;8876;1.158.510; -   ;2.649.680;3.808.190;429;30,42%;20,00%
Trentinara;SA;Salerno;1600;336.719;17.246;121.680;475.645;297;74,42%;60,80%
Trentola-Ducenta;CE;Caserta;20201;6.130.325; -   ;2.092.980;8.223.305;407;74,55%;61,30%
Trevico;AV;Avellino;908;140.559; -   ;107.080;247.639;273;56,76%;49,40%
Tufino;NA;NA 3;3574;975.360; -   ;213.380;1.188.740;333;82,05%;63,90%
Tufo;AV;Avellino;831;157.467; -   ;143.868;301.335;363;52,26%;46,30%
Vairano Patenora;CE;Caserta;6543;2.091.656; -   ;914.820;3.006.476;459;69,57%;54,60%
Vallata;AV;Avellino;2620;420.920; -   ;541.900;962.820;367;43,72%;39,60%
Valle Agricola;CE;Caserta;804;104.408; -   ;124.260;228.668;284;45,66%;34,50%
Valle dell'Angelo;SA;Salerno;225;37.860; -   ;41.600;79.460;353;47,65%;43,70%
Valle di Maddaloni;CE;Caserta;2697;663.428; -   ;431.880;1.095.308;406;60,57%;49,60%
Vallesaccarda;AV;Avellino;1279;322.975; -   ;94.940;417.915;327;77,28%;55,80%
Vallo della Lucania;SA;Salerno;8290;2.302.570; -   ;1.474.920;3.777.490;456;60,96%;47,00%
Valva;SA;Salerno;1617;167.640; -   ;105.520;273.160;169;61,37%;54,60%
Venticano;AV;Avellino;2458;452.397;16.699;415.880;884.976;360;53,01%;41,60%
Vibonati;SA;Salerno;3268;670.518; -   ;833.280;1.503.798;460;44,59%;34,70%
Vico Equense;NA;NA 3;20748;7.873.958; -   ;1.766.110;9.640.068;465;81,68%;65,70%
Vietri sul Mare;SA;Salerno;7562;1.515.955; -   ;2.108.940;3.624.895;479;41,82%;33,70%
Villa di Briano;CE;Caserta;7359;1.515.200; -   ;1.648.040;3.163.240;430;47,90%;36,80%
Villa Literno;CE;Caserta;12366;1.895.550; -   ;4.851.400;6.746.950;546;28,09%;20,30%
Villamaina;AV;Avellino;930;144.675; -   ;122.040;266.715;287;54,24%;44,30%
Villanova del Battista;AV;Avellino;1553;307.670; -   ;144.220;451.890;291;68,09%;58,20%
Villaricca;NA;NA 2;31218;5.161.382; -   ;9.695.810;14.857.192;476;34,74%;22,80%
Visciano;NA;NA 3;4362;1.075.270; -   ;240.260;1.315.530;302;81,74%;62,40%
Vitulano;BN;Benevento;2865;839.750; -   ;195.340;1.035.090;361;81,13%;57,60%
Vitulazio;CE;Caserta;7634;1.845.680; -   ;1.198.360;3.044.040;399;60,63%;50,80%
Volla;NA;NA 3;25331;6.949.990; -   ;4.168.500;11.118.490;439;62,51%;47,00%
Volturara Irpina;AV;Avellino;3125;669.147; -   ;409.060;1.078.207;345;62,06%;49,00%
Zungoli;AV;Avellino;1037;209.688; -   ;77.960;287.648;277;72,90%;52,90%
